天	tiān	tin1	TEN	천	CHEN	thiên	*ten
地	de	dei6 deng6	CHI JI	지	CI	địa	*dhì
玄	xuán	jyun4	GEN KEN	현	HYEN	huyền	*huen
黃	huáng	wong4	KOU OU	황	HWANG		
宇	yǔ	jyu5	U	우	WU	vũ	*hiǒ
宙	zhòu	zau6	CHUU	주	CWU	trụ	djhiòu
洪	hóng	hung4	KOU	홍	HONG	suyền hồng	*hung
荒	huāng	fong1	KOU	황	HWANG	hoang	*xuɑng
日	rì	jat6	NICHI JITSU	일	IL	nhật	*njit
月	yuè	jyut6	GETSU GATSU	월	WEL	nguyệt	*ngiuæt
盈	yíng	jing4	EI	영	YENG	dềnh	*iɛng
昃	zè	zak1	SOKU SHOKU	측	CHI		
辰	chén	san4	SHIN	신 진	CIN SIN		zhin
宿	sù	sau3 suk1	SHUKU SHUU	숙	SWUK SWU	túc	*siuk siòu
列	liè	laat6 lit6	RETSU REI	렬 열	LYEL	liệt	liɛt
張	zhāng	zoeng1 zoeng3	CHOU	장	CANG	trương	*djiɑng
寒	hán	hon4	KAN	한	HAN	hàn	*hɑn
來	lái	lai4 loi4 loi6	RAI	내 래	LAY	lai	*ləi ləi
暑	shǔ	syu2	SHO	서	SE		shiǔ
往	wǎng	wong5	OU	왕	WANG	vãng	
秋	qiū	cau1	SHUU	추	CHWU	thu	
收	shōu	sau1	SHUU	수	SWU	thu	*shiou shiòu
冬	dōng	dung1	TOU	동	TONG	đông	*dong dong
藏	cáng	cong4 zong6	ZOU SOU	장	CANG		*dzhɑng dzhɑng
閏	rùn	jeon6	JUN	윤	LYUN	nhuận	njuìn
餘	yú	jyu4	YO	여	YE	dư	*iu
成	chéng	cing4 seng4 sing4	SEI JOU	성	SENG	thành	*zhiɛng
歲	suì	seoi3	SEI SAI	세	SEY		*siuɛ̀i
律	lǜ	leot6	RITSU RICHI	률 율	LYUL	luật	luit
召	zhào	siu6 ziu6	SHOU	소	SO CO	chịu	djhiɛ̀u
調	diào	deu6 diu6 tiu4	CHOU	조	CO CWU	điều	*dhèu dheu
陽	yáng	joeng4	YOU	양	YANG	dương	*iɑng
雲	yún	wan4	UN	운	WUN	vân	*hiuən
騰	téng	tang4	TOU	등	TUNG		*dhəng
致	zhì	zi3	CHI	치	CHI	nhí	*djì
雨	yǔ	jyu5 jyu6	U	우	WU		*hiǒ
露	lù	lau6 lou6	RO	노 로	LO	lộ	lò
結	jié	git3 lit3	KETSU KEI	결	KYEL	kết	*get
為	wèi	wai4 wai6	I		WI		
霜	shuāng	soeng1	SOU	상	SANG	sương	*shriɑng
金	jīn	gam1	KIN KON	금 김	KIM KUM	kim	*gyim
生	shēng	saang1 sang1	SEI SHOU	생	SAYNG	sinh	*shræng
麗	lì	lai6	REI RI	려 여	LI LYE	lệ	*lèi
水	shuǐ	seoi2	SUI	수	SWU	héo thuỷ	*shuǐ
玉	yù	juk6	GYOKU GOKU	옥	OK	ngọc	*ngiok
出	chū	ceot1	SHUTSU SUI	출	CHWUL CHWU	xuất	*chuit
崑	kūn	kwan1	KON	곤	KON	côn	*kuən
岡	gāng	gong1	KOU	강	KANG		gɑng
劍	jiàn	gim3	KEN	검	KEM	kiếm	*gi(u)æ̀m
號	hào	hou4 hou6	GOU KOU	호	HO	hiệu	*hɑu hɑ̀u
巨	jù	geoi6	KYO	거	KE		ghiǔ
闕	què	kyut3	KETSU	궐	KWEL		*kiuæt
珠	zhū	zyu1	SHU	주	CWU	châu	*jio
稱	chēng	can3 cing1 cing3	SHOU	칭	CHING	xưng	*chiəng chiə̀ng
夜	yè	je6	YA	야	YA	dạ	*ià
光	guāng	gwong1	KOU	광	KWANG	quang	*guɑng guɑng
果	guǒ	gu2 gwo2	KA RA	과	KWA	quả	*guɑ̌
珍	zhēn	zan1	CHIN	진	CIN	trân	*djin
李	li	lei5	RI	리 이	LI	lí	*liə̌
柰	nài	noi6	NA DAI	내	NAY		
菜	cài	coi3	SAI	채	CHAY		tsèi
重	zhòng	cung4 cung5 zung6	CHOU JUU	중	CWUNG	trọng	*djhiong *djhiǒng djhiòng
芥	jiè	gaai3	KAI KE	개	KAY		
薑	jiāng	goeng1	KYOU KOU	강	KANG	gừng	
海	hǎi	hoi2	KAI	해	HAY	hải	*xə̌i
鹹	xián	haam4	KAN	함	HAM		
河	hé	ho4	KA	하	HA	hà	*ha
淡	dàn	daam6 taam5	TAN EN	담	TAM	đạm	*dhɑ̀m *dhɑ̌m
鱗	lín	leon4	RIN	린 인	LIN		*lin
潛	qián	cim4	SEN	잠	CAM	tiềm	*dzhiɛm
羽	yǔ	jyu5	U	우	WU	võ	*hiǒ
翔	xiáng	coeng4	SHOU	상	SANG		*ziɑng
龍	lóng	lung4	RYUU ROU	룡 용	LYONG LONG PANG	long	*liong
師	shī	si1	SHI	사	SA	sư	*shri
火	huǒ	fo2	KA KO	화	HWA	hoả	*xuɑ̌
帝	dì	dai3	TEI TAI	제	CEY	đấy	*dèi
鳥	niǎo	niu5	CHOU	조	CO	điểu	*děu
官	guān	gun1	KAN	관	KWAN	quan	*guɑn
人	rén	jan4	JIN NIN	인	IN	nhân	*njin njin
皇	huáng	wong4	KOU OU	황	HWANG WANG	hoàng	*huɑng
始	shǐ	ci2	SHI	시	SI	thuỷ	*shiə̌
制	zhì	zai3	SEI	제	CEY	chế	jiɛ̀i
文	wén	man4 man6	BUN MON	문	MWUN	văn	*miən
字	zì	zi6	JI	자	CA	tự	*dzhiə̀ dzhiə̀
乃	nǎi	naai5 oi2	DAI AI NAI	내	NAY	nải	*nəǐ nəǐ
服	fú	fuk6	FUKU	복	POK	phục	*bhiuk
衣	yī	ji1 ji3	I E	의	UY	y	*qiəi qièi
裳	shang	soeng4	SHOU	상	SANG		*zhiɑng
推	tuī	ceoi1 teoi1	SUI	추	CHWU THOY	suy	tuəi
位	wèi	wai2 wai6	I	위	WI	vị	hyuɛ̀
讓	ràng	joeng6	JOU	양	YANG	nhường	*njiɑ̀ng
國	guó	gwok3	KOKU	국	KWUK	quốc	*guək
有	yǒu	jau5 jau6	YUU U	유	YU	hữu	*hiǒu
虞	yú	jyu4	GU	우	WU		*ngio
陶	táo	jiu4 tou4	TOU YOU	도	TO YO		*dhɑu
唐	táng	tong4	TOU	당	TANG	đường	dhɑng
弔	diào	diu3	CHOU TEKI	조	CO CEK	điếu	*dèu
民	mín	man4	MIN	민	MIN	dân	min
伐	fá	fat6	BATSU	벌	PEL	phạt	*bhiæt bhiæt
罪	zuì	zeoi6	ZAI SAI	죄	COY	tội	dzhuə̌i
周	zhōu	zau1	SHUU	주	CWU	chu	*jiou
發	fā	faat3	HOTSU HATSU	발	PAL	phát	*biæt
殷	yīn	jan1 jan2 jin1	IN AN	은	UN AN	ân	*qiən qiə̌n qɛn
湯	tāng	soeng1 tong1	TOU SHOU	탕	THANG SANG	thang	tɑng
坐	zuò	co5 zo6	ZA	좌	CWA		*dzhuɑ̀ *dzhuɑ̌
朝	cháo	ciu4 ziu1	CHOU	조	CO	triều	*djhiɛu *djiɛu
問	wèn	man6	MON BUN	문	MWUN		*miə̀n
道	dào	dou3 dou6	DOU TOU	도	TO	đạo	*dhɑ̀u *dhɑ̌u
垂	chuí	seoi4	SUI	수	SWU	thùy	*zhiuɛ
拱	gǒng	gung2	KYOU	공	KONG	cõng	*giǒng
平	píng	peng4 ping4	HEI HYOU BEN	평	PHYENG PHYEN	bình	*bhiæng
章	zhāng	zoeng1	SHOU	장	CANG	chương	*jiɑng
愛	ài	ngoi3 oi3	AI	애	AY		*qə̀i
育	yù	juk6	IKU	육	YUK	dục	iuk
黎	lí	lai4	REI RI	려 여	LYE	lê	lei
首	shǒu	sau2	SHU SHUU	수	SWU	thủ	*shiǒu
臣	chén	san4	SHIN JIN	신	SIN	thần	*zhin
伏	fú	buk6 fuk6	FUKU FUU BUKU	복	POK PWU PWUK	phục	*bhiuk bhiuk
戎	róng	jung4	JUU	융	YUNG	nhung	*njiung
羌	qiāng	goeng1	KYOU	강	KANG		*kiɑng
遐	xiá	haa4	KA	하	HA		ha
邇	ěr	ji5	JI NI	이	I		
壹	yī	jat1 jik1	ICHI ITSU	일	IL	nhất	qit
體	tǐ	tai2	TEI TAI	체	CHEY	thể	*těi
率	lǜ	leot6 seot1	RITSU SOTSU	률 솔 율	SOL LYUL		luì shruit
賓	bīn	ban1	HIN	빈	PIN	tân	*bin
歸	guī	gwai1	KI GI	귀	KWI KWEY		*giuəi
王	wáng	wong4 wong6	OU	왕	WANG	vương	*hiuɑng hiuɑ̀ng
鳴	míng	ming4	MEI	명	MYENG		*miæng
鳳	fèng	fung6	HOU FUU	봉	PONG	phượng	*bhiùng
在	zài	zoi6	ZAI	재	CAY	tại	*dzhə̌i
樹	shù	syu6	JU	수	SWU	thụ	*zhiò *zhiǒ
白	bái	baak6	HAKU BYAKU	백	PAYK PAY	bạch	*bhæk
駒	jū	keoi1	KU	구	KWU	câu	qio
食	shí	ji6 sik6 zi6	SHOKU SHI JIKI	식	SIK SA		*jhiək
場	chǎng	coeng4	JOU	장	CANG	trường	*djhiɑng
化	huà	faa3	KA KE	화	HWA	hoá	*xuɑ̀
被	bèi	bei6 pei1 pei5	HI	피	PHI	bị	*bhyɛ̌
草	cǎo	cou2	SOU	초	CHO	thảo	*tsɑ̌u
木	mù	muk6	BOKU MOKU	목	MOK MO	mộc	*muk
賴	lài	laai6	RAI	뢰	LOY		*lɑ̀i
及	jí	gap6 kap6	KYUU	급	KUP	cập	*ghyip
萬	wàn	maan6	MAN	만	MAN	vạn	*miæ̀n
方	fāng	fong1	HOU	방	PANG	phương	*biɑng
蓋	gài	gap3 goi3 hap6 koi3	GAI KOU KAI	개	KAY HAP	cái	*gɑ̀i
此	cǐ	ci2	SHI	차	CHA	thử	*tsiɛ̌
身	shēn	gyun1 san1	SHIN KEN	신	SIN	thân	*shin
髮	fà	faat3	HATSU	발	PAL		*biæt
四	sì	sei3 si3	SHI	사	SA	tứ	*sì
大	dà	daai6	TAI DAI TA	대	TAY THAY	đại	*dhɑ̀i
五	wǔ	ng5	GO	오	O	ngũ	*ngǒ ngǒ
常	cháng	soeng4	JOU SHOU	상	SANG	thường	*zhiɑng
恭	gōng	gung1	KYOU	공	KONG	cung	giung
惟	wéi	wai4	I YUI BI	유	YU		*ui ui
鞠	jū	guk1	KIKU KYOU	국	KWUK	cúc	giuk
養	yǎng	joeng5 joeng6	YOU	양	YANG	dưỡng	*iɑ̌ng
豈	qǐ	hei2 hoi2	KI GAI KAI	개 기	KAY KI		*kiə̌i
敢	gǎn	gam2	KAN	감	KAM	cám	*gɑ̌m
毀	huǐ	wai2	KI		HWEY	huỷ	
傷	shāng	soeng1	SHOU	상	SANG	thương	*shiɑng shiɑng
女	nǚ	jyu5 neoi5 neoi6	JO NYO NYOU	녀 여	NYE	nữa	*niǔ *njiǔ
慕	mù	mou6	BO	모	MO	mộ	mò
貞	zhēn	zing1	TEI JOU	정	CENG	trinh	djiɛng
絜	jié	git3	KETSU KECHI KEI KATSU	혈	HYEL		
男	nán	naam4	DAN NAN	남	NAM	nam	*nom
效	xiào	haau6	KOU	효	HYO	hiệu	hàu
才	cái	coi4	SAI ZAI	재	CAY	tài	*dzhəi
良	liáng	loeng4	RYOU	량 양	LYANG	lương	liɑng
知	zhī	zi1 zi3	CHI	지	CI	tri	*djiɛ
過	guò	gwo1 gwo3	KA	과	KWA	quá	*guɑ guɑ̀
必	bì	bit1	HITSU	필	PHIL	tất	*bit
改	gǎi	goi2	KAI	개	KAY		*gə̌i
得	de	dak1	TOKU	득	TUK	đắc	*dək
能	néng	nang4	NOU DAI	능	NUNG NAY	năng	*nəng
莫	mò	mok6 mou6	BO BAKU MAKU	막	MAK MO	mạc	*mɑk
忘	wàng	mong4	BOU	망	MANG	vong	*miɑng miɑ̀ng
罔	wǎng	mong5	BOU MOU	망	MANG	vóng	
談	tán	taam4	DAN TAN	담	TAM	đàm	dhɑm
彼	bǐ	bei2	HI	피	PHI	bỉ	*byɛ̌
短	duǎn	dyun2	TAN	단	TAN	đoản	*duɑ̌n
靡	mí	mei5	HI BI MI	미	MI	mị	myɛ̌
恃	shì	ci5	JI SHI	시	SI		zhiə̌
己	jǐ	gei2	KI KO	기	KI	kỉ	giə̌
長	zhǎng	coeng4 zoeng2	CHOU	장	CANG	trường	*djhiɑng djhiɑ̀ng djhiɑ̌ng
信	xìn	seon3	SHIN	신	SIN	tín	*sìn
使	shǐ	sai2 si2 si3	SHI	사	SA SI	sứ	*shriə̌ shriə̀ shriə̌
可	kě	hak1 ho2	KA KOKU	가	KA KUK	khả	*kɑ̌
覆	fù	fau6 fuk1	FUKU FUU	복	POK PWU		*piòu bhiuk
器	qì	hei3	KI	기	KI	khí	kyì
欲	yù	juk6	YOKU	욕	YOK	dục	*iok
難	nán	naan4 naan6	NAN	난	NAN NA	nan	*nɑn
量	liàng	loeng4 loeng6	RYOU	량 양	LYANG		liɑng liɑ̀ng
墨	mò	mak6	BOKU MOKU	묵	MWUK		mək
悲	bēi	bei1	HI	비	PI	bi	*byi
絲	sī	si1	SHI BEKI	사	SA	tơ	*siə
染	rǎn	jim5	SEN	염	YEM	nhuộm	njiɛ̀m njiɛ̌m
詩	shī	si1	SHI	시	SI	thi	*shiə
讃	zàn		SAN		CHAN		
羔	gāo	gou1	KOU	고	KO		
羊	yáng	joeng4	YOU	양	YANG	dương	iɑng
景	jǐng	ging2 jing2	KEI EI	경	KYENG YENG	cảnh	*giæ̌ng *qiæ̌ng
行	xíng	haang4 hang4 hang6 hong4	KOU GYOU AN	항 행	HAYNG HANG	hàng	*hæng *hɑng
維	wéi	wai4	I YUI	유	YU		ui
賢	xián	jin4	KEN	현	HYEN	hiền	*hen
克	kè	haak1 hak1	KOKU	극	KUK	khắc	kək
念	niàn	nim6	NEN	념 염	NYEM	niệm	*nèm
作	zuò	zok3	SAKU SA	작	CAK CWU	tác	*tzɑk tzɑk
聖	shèng	sing3	SEI SHOU	성	SENG	thánh	*shiɛ̀ng
德	dé	dak1	TOKU	덕	TEK	đức	dək
建	jiàn	gin3	KEN KON	건	KEN	kiến	*giæ̀n
名	míng	meng4 ming4	MEI MYOU	명	MYENG	danh	*miæng
立	lì	laap6 lap6	RITSU RYUU	립 입	LIP	lập	*lip
形	xíng	jing4	KEI GYOU	형	HYENG	hình	*heng
端	duān	dyun1	TAN	단	TAN	đoan	*duɑn
表	biǎo	biu2	HYOU	표	PHYO	biểu	*biɛ̌i
正	zhèng	zeng3 zing1 zing3	SEI SHOU	정	CENG	chính	*jiɛ̀ng
空	kōng	hung1 hung3	KUU	공	KONG	không	*kung kùng
谷	gǔ	guk1 juk6	KOKU YOKU	곡	KOK YOK	cốc	*guk iok
傳	chuán	cyun4 zyun6	DEN TEN	전	CEN	truyền	djhiuɛ̀n
聲	shēng	seng1 sing1	SEI SHOU	성	SENG	thanh	*shiɛng
虛	xū	heoi1	KYO KO	허	HE		*xiu
堂	táng	tong4	DOU TOU	당	TANG	đường	*dhɑng
習	xí	zaap6	SHUU JUU	습	SUP	tập	zip
聽	tīng	teng1 ting1 ting3	CHOU TEI	청	CHENG	thính	*teng tèng
禍	huò	wo5 wo6	KA	화	HWA	hoạ	huɑ̌
因	yīn	jan1	IN	인	IN	nhân	*qin
惡	è	ngok3 ok3 wu1 wu3	O AKU	악 오	AK O	ác	*qɑk qò
積	jī	zik1	SEKI SHI	적	CEK CA	tích	*tziɛk
福	fú	fuk1	FUKU	복	POK	phúc	biuk
緣	yuán	jyun4	EN	연	YEN TAN	duyên	*iuɛn
善	shàn	sin6	ZEN	선	SEN	thiện	*zhiɛ̌n
慶	qìng	hing3	KEI KYOU	경	KYENG KANG	khánh	kiæ̀ng
尺	chǐ	ce2 cek3	SHAKU SEKI	척	CHEK	xích	*chiɛk
璧	bì	bik1 bik3	HEKI	벽	PYEK	bích	biɛk
非	fēi	fei1	HI	비	PI	phi	*biəi
寶	bǎo	bou2	HOU	보	PO	bảo	*bɑ̌u
寸	cùn	cyun3	SUN SON	촌	CHON	thốn	*tsuə̀n
陰	yīn	jam1	IN ON AN	음	UM	âm	*qim
是	shì	si6	ZE SHI	시	SI	thị	*zhiɛ̌
競	jìng	ging3 ging6	KYOU KEI	경	KYENG		*ghiæ̀ng
資	zī	zi1	SHI	자	CA		tzi
父	fù	fu2 fu6	FU HO	부	PWU PO		*bhiǒ
事	shì	si6	JI SHI	사	SA	sự	*jrhiə̀ jrhiə̀
君	jūn	gwan1	KUN	군	KWUN	quân	*giuən
曰	yuē	joek6 jyut6	ETSU	왈	WAL	viết	*hiuæt
嚴	yán	jim4	GEN GON	엄	EM	nghiêm	*ngiæm
與	yǔ	jyu4 jyu5 jyu6	YO	여	YE	dữ	*iǔ iu
敬	jìng	ging3	KEI KYOU	경	KYENG	kính	*giæ̀ng
孝	xiào	haau3	KOU KYOU	효	HYO	hiếu	xàu
當	dāng	dong1 dong3	TOU	당	TANG	đương	*dɑng dɑ̀ng
竭	jié	git3 kit3	KETSU	갈	KAL KEL	kiệt	ghyɛt
力	lì	lik6	RYOKU RIKI	력 역	LYEK	lực	*liək
忠	zhōng	zung1	CHUU	충	CHWUNG	trung	djiung
則	zé	zak1	SOKU	칙	CHIK CHUK	tắc	tzək
盡	jǐn	zeon6	JIN	진	CIN	tận	*dzhǐn
命	mìng	meng6 ming6	MEI MYOU	명	MYENG	mệnh	*miæ̀ng
臨	lín	lam4	RIN	림 임	LIM		*lim
深	shēn	sam1	SHIN	심	SIM	thâm	*shim
履	lǚ	lei5 leoi5	RI	리 이	LI		*lǐ
薄	báo	bok6	HAKU	박	PAK		*bhɑk
夙	sù	suk1	SHUKU	숙	SWUK	túc	siuk
興	xìng	hing1 hing3	KYOU KOU	흥	HUNG	hưng	*xièng *xiəng
溫	wēn	wan1	ON UN	온	ON		quən
凊	qìng	zing6	SEI SHAU	청	CHENG		
似	shì	ci5	JI	사	SA	tự	*ziə̌ ziə̌
蘭	lán	laan4	RAN	난 란	LAN		*lɑn
斯	sī	si1	SHI	사	SA		*siɛ
馨	xīn	hing1	KEI KYOU	형	HYENG	hanh	xeng
如	rú	jyu4	JO NYO	여	YE	như	*njiu
松	sōng	cung4	SHOU	송	SONG	tùng	*ziong
之	zhī	zi1	SHI	지	CI	chi	*jiə jiə
盛	shèng	sing4 sing6	SEI JOU	성	SENG	thịnh	*zhiɛ̀ng
川	chuān	cyun1	SEN	천	CHEN	xuyên	*chiuɛn
流	liú	lau4	RYUU RU	류 유	LYU	lưu	*liou
不	bù	bat1 fau2	FU BU FUTSU HI	부 불	PWU PWUL	bất	*biət biət
息	xi	sik1	SOKU	식	SIK	tức	*siək
淵	yuān	jyun1	EN	연	YEN	uyên	
澄	chéng	cing4 dang6	CHOU	징	CING	chừng	*djhiəng djhiæng
取	qǔ	ceoi2	SHU	취	CHWI	thủ	*tsiǒ
映	yìng	jing2	EI YOU	영	YENG	ánh	*qiæ̀ng
容	róng	jung4	YOU	용	YONG	dung	*iong
止	zhǐ	zi2	SHI	지	CI	chỉ	*jiə̌
若	ruò	je5 joek6	JAKU NYAKU	야 약	YAK YA	nhược	*njiɑk
思	sī	si1 si3 soi1	SHI	사	SA	tư	*siə siə̀
言	yán	jin4	GEN GON GIN	언	EN UN	ngôn	*ngiæn
辭	cí	ci4	JI SHI	사	SA		*ziə
安	ān	ngon1 on1	AN	안	AN	an	*qɑn
定	dìng	deng6 ding6	TEI JOU	정	CENG	định	*dhèng
篤	dǔ	duk1	TOKU	독	TOK	đốc	
初	chū	co1	SHO SO	초	CHO	sơ	*chriu
誠	chéng	sing4	SEI JOU	성	SENG	thành	*zhiɛng
美	měi	mei5	BI MI	미	MI	mỉ	*myǐ
慎	shèn	san6	SHIN			thận	*zhìn
終	zhōng	zung1	SHUU SHU	종	CONG	chung	*jiung
宜	yi	ji4	GI	의	UY	nghi	*ngyɛ
令	lìng	lim1 ling4 ling6	REI RYOU	령 영	LYENG	lệnh	*liɛ̀ng liɛng
榮	róng	wing4	EI YOU	영	YENG	vinh	*hiuæng
業	yè	jip6	GYOU GOU	업	EP	nghiệp	*ngiæp
所	suǒ	so2	SHO SO	소	SO	sỡ	*shriǔ
基	jī	gei1	KI	기	KI	cơ	giə
籍	jí	zik6	SEKI SHAKU	적	CEK		dzhiɛk
甚	shén	sam6 sap6	SHIN JIN	심	SIM	thậm	*zhǐm zhìm
無	wú	mou4	MU BU	무	MWU	vô	*mio
竟	jìng	ging2	KEI KYOU	경	KYENG	cánh	*giæ̀ng
學	xué	hok6	GAKU	학	HAK	học	*hak
優	yōu	jau1	YUU U	우	WU		qiou
登	dēng	dang1	TOU TO	등	TUNG	đăng	*dəng
仕	shì	si6	SHI JI	사	SA	sĩ	
攝	shè	nip6 sip3	SETSU SHOU	섭	SEP YEP	nhép	shiɛp
職	zhí	zik1	SHOKU TOKU SHIKI	직	CIK	chức	jiək
從	cóng	cung4	JUU SHOU JU	종	CONG	tòng	*dzhiong tsiong
政	zhèng	zing3	SEI SHOU	정	CENG	chính	
存	cún	cyun4	SON ZON	존	CON	tồn	*dzuən
以	yǐ	ji5 jyu5	I	이	I		*iə̌ iə̌
甘	gān	gam1	KAN	감	KAM	bả cam	*gɑm
棠	táng	tong4	TOU DOU	당	TANG		dhɑng
去	qù	heoi2 heoi3	KYO KO	거	KE	khứ	*kiù
而	ér	ji4	JI NI	이	I		*njiə
益	yì	jik1	EKI YAKU	익	IK	ích	
詠	yǒng	wing6	EI	영	YENG	vịnh	*hiuæ̀ng
樂	lè	lok6 ngaau6 ngok6	GAKU RAKU GOU	낙 락 악 요	AK LAK YO	lạc	*lɑk *ngak
殊	shū	syu4	SHU JU	수	SWU	thùa	*zhio
貴	guì	gwai3	KI	귀	KWI	quý	*giuə̀i
賤	jiàn	zin6	SEN ZEN	천	CHEN	tiện	*dzhiɛ̀n
禮	lǐ	lai5	REI RAI	례 예	LYEY	lễ	*lěi
別	bié	bit6	BETSU BECHI	별	PYEL	biết	*bhyɛt
尊	zūn	zeon1 zyun1	SON	존	CON CWUN	tôn	*tzuən
卑	bēi	bei1	HI	비	PI		biɛ
上	shàng	soeng5 soeng6	JOU SHOU	상	SANG	thượng	*zhiɑ̀ng zhiɑ̀ng zhiɑ̌ng
和	hé	wo4 wo6	WA KA	화	HWA	hoà	*huɑ huɑ̀
下	xià	haa5 haa6	KA GE	하	HA	hạ	hà hǎ
睦	mù	muk6	BOKU MOKU	목	MOK	mục	
夫	fu	fu1 fu4	FU FUU	부	PWU	phu	*bio bhio
唱	chàng	coeng3	SHOU	창	CHANG	xướng	*chiɑ̀ng
婦	fù	fu5	FU	부	PWU	phụ	*bhiǒu
隨	suí	ceoi4	ZUI SUI	수	SWU	tuỳ	*ziuɛ
外	wài	ngoi6 oi6	GAI GE	외	OY	ngoại	*nguɑ̀i
受	shòu	sau6	JU SHUU	수	SWU	thụ	*zhiǒu
傅	fu	fu6	FU	부	PWU	phó	biò
訓	xun	fan3	KUN KIN	훈	HWUN	huấn	xiuə̀n
入	rù	jap6	NYUU JU JUU	입	IP	nhập	*njip njip
奉	fèng	fung6	HOU BU	봉	PONG	phụng	*bhiǒng
母	mǔ	mou5	BO BOU MO	모	MO	mẫu	*mǒu
儀	yí	ji4	GI	의	UY	nghi	ngyɛ
諸	zhū	zyu1	SHO	제	CEY	chư	*jiu
姑	gū	gu1	KO	고	KO	cô	*go
伯	bó	baa3 baak3	HAKU HA	백	PAYK PHAY	bá	bæk
叔	shū	suk1	SHUKU	숙	SWUK	thúc	
猶	yóu	jau4	YUU	유	YU		*iou
子	zi	zi2	SHI SU	자	CA	tí	*tziə̌
比	bǐ	bei2 bei6 pei4	HI	비	PI	tỉ	*bǐ bhi bì
兒	ér	ji4 ngai4	JI NI GEI	아	A		*njiɛ njiɛ
孔	kǒng	hung2	KOU	공	KONG	khổng	*kǔng
懷	huái	waai4	KAI	회	HOY	hoài	*huæi
兄	xiōng	hing1	KEI KYOU	형	HYENG	huynh	*xiuæng xiuæng
弟	dì	dai6 tai5	TEI DAI	제	CEY	đệ	*dhěi
同	tóng	tung4	DOU TOU	동	TONG	đồng	*dhung
氣	qì	hei3	KI KE	기	KI	khí	*kiə̀i
連	lián	lin4	REN	련 연	LYEN	liên	*liɛn
枝	zhī	kei4 zi1	SHI KI	지	CI	chi	*jiɛ
交	jiāo	gaau1	KOU KYOU	교	KYO	giao	*gau gau
友	you	jau5	YUU	우	WU	hữu	hiǒu
投	tóu	tau4	TOU	투	THWU	đầu	*dhou
分	fēn	fan1 fan6	BUN FUN BU	분	PWUN PHWUN	phân	*biən bhiə̀n
切	qiè	cai3 cit3	SETSU SAI	절 체	CEL CHEY	thiết	tset
磨	mó	mo4 mo6	MA	마	MA	mài	*mɑ
箴	zhēn	zam1	SHIN	잠	CAM	bú giăm	
規	guī	kwai1	KI	규	KYU	qui	giuɛ
仁	rén	jan4	JIN NIN NI	인	IN	nhân	njin
慈	cí	ci4	JI	자	CA	từ	*dzhiə
隱	yǐn	jan2	IN ON	은	UN	ẩn	qiə̌n
惻	cè	caak1 cak1	SOKU SHOKU	측	CHUK		*chriək
造	zào	cou3 cou5 zou6	ZOU	조	CO	tạo	dzhɑ̌u tsɑ̀u
次	cì	ci3	JI SHI	차	CHA	thứ	tsì
弗	fú	fat1	FUTSU BOTSU	불	PWUL	phất	
離	lí	lei4	RI	리 이	LI	li	*liɛ
節	jié	zit3	SETSU SECHI	절	CEL	tiết	*tzet
義	yì	ji6	GI	의	UY	nghĩa	ngyɛ̀
廉	lián	lim4	REN	렴 염	LYEM	liêm	liɛm
退	tuì	teoi3	TAI TON	퇴	THOY	thoái	*tuə̀i
顛	diān	din1	TEN		CEN	điên	den
沛	pèi	pui3	HAI	패	PHAY	phải	
匪	fěi	fei2	HI	비	PI PWUN	phỉ	piə̌i
虧	kuī	fai1 kwai1	KI	휴	HYU	khuya	kyuɛ
性	xìng	sing3	SEI SHOU	성	SENG	tính	*siɛ̀ng
靜	jìng	zing6	SEI JOU	정	CENG		*dzhiɛ̌ng
情	qíng	cing4	JOU SEI	정	CENG	tình	*dzhiɛng
逸	yì	jat6	ITSU ICHI	일	IL	dật	it
心	xīn	sam1	SHIN	심	SIM	tâm	*sim
動	dòng	dung6	DOU	동	TONG	động	*dhǔng
神	shén	san1 san4	SHIN JIN	신	SIN	thần	*jhin
疲	pí	pei4	HI	피	PHI	bì	bhyɛ
守	shǒu	sau2	SHU SU	수	SWU	thú	*shiǒu
真	zhēn	zan1	SHIN			chân	*jin
志	zhì	zi3	SHI	지	CI	chí	*jiə̀
滿	mǎn	mun5	MAN BAN	만	MAN	mãn	*mɑ̌n
逐	zhú	zuk6	CHIKU JIKU	축	CHWUK CEK	trục	*djhiuk
物	wù	mat6	MOTSU BUTSU	물	MWUL	vật	*miət
意	yì	ji3	I	의	UY	ý	qiə̀
移	yí	ji4	I	이	I	dời	*iɛ
堅	jiān	gin1	KEN	견	KYEN	kiên	*gen
持	chí	ci4	JI CHI	지	CI	trì	*djhiə
雅	yǎ	aa1 ngaa5	GA A	아	A	nhã	*ngǎ
操	cāo	cou1 cou3	SOU	조	CO		tsɑu tsɑ̀u
好	hǎo	hou2 hou3	KOU	호	HO	háo	*xɑ̀u *xɑ̌u
爵	jué	zoek3	SHAKU	작	CAK	tước	
自	zì	zi6	SHI JI	자	CA	tự	*dzhì
縻	mí	mei4	BI	미	MI		myɛ
都	dōu	dou1	TO TSU CHO	도	TO	đô	*do
邑	yì	jap1	YUU OU	읍	UP	ấp	*qyip
華	huá	faa1 waa4 waa6	KA KE	화	HWA	hoa	*hua huà
夏	xià	haa6	KA GE	하	HA		*hǎ
東	dōng	dung1	TOU	동	TONG	hốc đông	*dung
西	xi	sai1	SEI SAI	서	SE	tây	*sei
二	èr	ji6	NI JI	이	I	nhì	*njì njì
京	jīng	ging1	KYOU KEI KIN	경	KYENG	kinh	giæng
背	bèi	bui3 bui6	HAI	배	PAY PHAY	bối	*bə̀i
邙	máng	mong4	BOU MOU	망	MANG	mương	
面	miàn	min6	MEN BEN	면	MYEN		*miɛ̀n
洛	luò	lok3 lok6	RAKU	낙 락	LAK	rặc	*lɑk
浮	fú	fau4	FU	부	PWU	phù	*bhiou
渭	wèi	wai6	I	위	WI	ngan vây	*hiuə̀i
據	jù	geoi3	KYO KO KEKI	거	KE	cớ	*giù
涇	jīng	ging1	TEI KYOU	경	KYENG	kinh	geng
宮	gōng	gung1	KYUU GUU	궁	KWUNG		*giung
殿	diàn	din3 din6	TEN DEN	전	CEN	điện	*dhèn
盤	pán	pun4	BAN HAN	반	PAN	bàn	*bhɑn bhɑn
鬱	yù	wat1	UTSU	울	WUL		*qiuɛt
樓	lóu	lau4	ROU	누 루	LWU	lầu	*lou
觀	guān	gun1 gun3	KAN	관	KWAN	quan	*guɑn guɑ̀n
飛	fēi	fei1	HI	비	PI	phi	*biəi
驚	jīng	geng1 ging1	KYOU KEI	경	KYENG	kinh	*giæng
圖	tú	tou4	TO ZU	도	TO	đồ	*dho
寫	xiě	se2	SHA	사	SA	tả	*siǎ
禽	qín	kam4	KIN	금	KUM	cầm	*ghyim
獸	shòu	sau3	JUU	수	SWU	thú	*shiòu
畫	huà	waa2 waa6 waak6	KAKU GA KAI	화	HWA HOYK	hoạ	*huɛ̀i huɛk
綵	cǎi	coi2	SAI	채	CHAY		*tsə̌i
仙	xian	sin1	SEN	선	SEN	tiên	*siɛn siɛn
靈	líng	leng4 ling4	REI RYOU	령 영	LYENG	linh	*leng
丙	bǐng	bing2	HEI HYOU	병	PYENG	bính	
舍	shě	se2 se3 se5	SHA SEKI	사	SA	xá	*shià
傍	bàng	bong6 pong4 pong6	BOU HOU	방	PANG PHAYNG	bàng	*bhɑn bhɑn
啟	qǐ	kai2	KEI		KYEY		
甲	jiǎ	gaap3	KOU KAN	갑	KAP	giáp	*gap
帳	zhàng	zoeng3	CHOU	장	CANG	trướng	*djiɑ̀ng
對	duì	deoi3	TAI TSUI	대	TAY	đỗi	*duə̀i
楹	yíng	jing4	EI	영	YENG		iɛng
肆	sì	sei3 si3	SHI	사	SA		sì
筵	yán	jin4	EN	연	YEN		*iɛn
設	shè	cit3	SETSU SECHI	설	SEL	thết	shiɛt
席	xí	zik6	SEKI	석	SEK		*ziɛk
鼓	gǔ	gu2	KO	고	KO		
瑟	sè	sat1	SHITSU	슬	SUL	sắt	*shrit
吹	chuī	ceoi1 ceoi3	SUI	취	CHWI	xuy	*chiuɛ chiuɛ̀
笙	shēng	saang1 sang1	SOU SHOU	생	SAYNG	dấm sênh	*shræng
升	shēng	sing1	SHOU	승	SUNG	thăng	*shiəng
階	jiē	gaai1	KAI	계	KYEY	giai	*gæi
納	nà	naap6	TOU NOU NA	납	NAP	nạp	*nop
陛	bì	bai6	HEI	폐	PHYEY	bệ	bhěi
弁	biàn	bin6 pun4	BEN HEN	변	PYEN PAN		
轉	zhuǎn	zyun2 zyun3	TEN	전	CEN	chuyển	*djiuɛ̌n
疑	yí	ji4	GI KYOU	의	UY UNG		*ngiə
星	xīng	seng1 sing1	SEI SHOU	성	SENG	tinh	*seng
右	yòu	jau6	U YUU	우	WU	hữu	*hiòu
通	tōng	tung1	TS UTSU TOU	통	THONG	thông	*tung
廣	guǎng	gwong2	KOU	광	KWANG	quảng	*guɑ̌ng
內	nèi	naap6 noi6	DAI NAI	내	NAY NAP		*nuə̀i nuə̀i
左	zuǒ	zo2	SA	좌	CWA	tả	tzɑ̌
達	dá	daat6 taat3	TATSU DACHI	달	TAL	đạt	*dhɑt
承	chéng	sing4	SHOU SOU	승	SUNG	thừa	*zhiəng
明	míng	ming4	MEI MYOU	명	MYENG	minh	*miæng
既	jì	gei3	KI		KI		
集	jí	zaap6	SHUU JUU	집	CIP	tập	*dzhip
墳	fén	fan4	FUN	분	PWUN	phần	*bhiən
典	diǎn	din2	TEN	전	CEN	điển	*děn děn
亦	yì	jik6	EKI YAKU	역	YEK		*iɛk iɛk
聚	jù	zeoi6	SHUU SHU JU	취	CHWI	tụ	dzhiò
羣	qún	kwan4	GUN KUN				
英	yīng	jing1	EI	영	YENG	anh	*qiæng
杜	dù	dou6	DO TO ZU	두	TWU	đỗ	*dhǒ
稾	gǎo	gou2	KOU				
鍾	zhōng	zung1	SHOU	종	CONG	chung	*jiong
隸	lì	dai6 lai6	REI I	예	LYEY		
漆	qī	cat1	SHITSU	칠	CHIL		tsit
書	shū	syu1	SHO	서	SE	thư	*shiu
壁	bì	bek3 bik1 bik3	HEKI	벽	PYEK	bích	bek
經	jīng	ging1	KEI KYOU	경	KYENG	kinh	*geng
府	fǔ	fu2	FU	부	PWU	phủ	*biǒ
羅	luó	lo4	RA	나 라	LA	la	*la
將	jiāng	zoeng1 zoeng3	SHOU SOU	장	CANG	tướng	*tziɑng *tziɑ̀ng
相	xiāng	soeng1 soeng3	SHOU SOU	상	SANG	tương	*siɑng *siɑ̀ng
路	lù	lou6	RO	노 로	LO	lộ	*lò
俠	xiá	haap6 hap6	KYOU	협	HYEP KYEP	hiệp	hep
槐	huái	waai4	KAI	괴	KOY	hoè	hiəi huɛi
卿	qīng	hing1	KYOU KEI	경	KYENG	khanh	*kiæng
戶	hù	wu6	KO	호	HO		
封	fēng	fung1	FUU HOU	봉	PONG	phong	biong
八	bā	baat3	HACHI HATSU	팔	PHAL	bát	*bat bat
縣	xiàn	jyun2 jyun4 jyun6	KEN	현	HYEN	huyện	*huèn
家	jiā	gaa1 gu1	KA KE KO	가	KA	gia	*ga
給	gěi	kap1	KYUU KYOU	급	KUP	cấp	gyip
千	qiān	cin1	SEN	천	CHEN	thiên	*tsen
兵	bīng	bing1	HEI HYOU	병	PYENG	binh	*biæng biæng
高	gāo	gou1	KOU	고	KO	cao	*gɑu
冠	guān	gun1 gun3	KAN	관	KWAN	quán	guɑn guɑ̀n
陪	péi	pui4	BAI HAI	배	PAY		bhəi
輦	niǎn	lin5	REN	련 연	LYEN		*liɛ̌n
驅	qū	keoi1	KU KYUU	구	KWU	xúi	*kio
轂	gǔ	guk1	KOKU	곡	KOK		
振	zhèn	zan3	SHIN	진	CIN	chấn	*jìn
纓	yīng	jing1	EI YOU	영	YENG		*qiɛng
世	shì	sai3	SE SEI	세	SEY	thế	*shiɛì shiɛì
祿	lù	luk6	ROKU	녹 록	LOK	lộc	luk
侈	chǐ	ci2	SHI I	치	CHI	xỉ	
富	fù	fu3	FU FUU	부	PWU	phú	*biòu
車	chē	ce1 geoi1	SHA KYO	거 차	CHA KE	xa	*giu chia
駕	jià	gaa3	GA	가	KA	giá	*gà
肥	féi	fei4	HI	비	PI	phì	*bhiəi
輕	qīng	heng1 hing1	KEI KYOU	경	KYENG	khinh	*kiɛng
策	cè	caak3	SAKU	책	CHAYK	sách	*chrɛk
功	gōng	gung1	KOU	공	KONG	công	*gung
茂	mào	mau6	MO BOU	무	MWU		*mòu
實	shí	sat6	JITSU SHITSU	실	SIL	thực	*jhit
勒	lēi	laak6 lak6	ROKU	늑 륵	LUK	lắc	lək
碑	bēi	bei1	HI	비	PI		*byɛ
刻	kè	haak1 hak1	KOKU	각	KAK	khắc	kək
銘	míng	ming4 ming5	MEI MYOU	명	MYENG		meng
磻	pán	pun4	HAN BAN HA	반 번	PAN PEN		
溪	xī	kai1	KEI	계	KYEY	khe	*kei
伊	yī	ji1	I	이	I	y	*qi qi
尹	yǐn	wan5	IN	윤	YUN	doãn	iǔn
佐	zuǒ	zo3	SA	좌	CWA	tá	
時	shí	si4	JI SHI	시	SI	thì	*zhiə
阿	ā	aa2 aa3 aak3 o1	A	아	A OK		qɑ
衡	héng	hang4 waang4	KOU	형	HYENG HOYNG		*hæng
奄	yǎn	jim1 jim2	EN	엄	EM	ăm	
宅	zhái	zaak6	TAKU	댁 택	TAYK THAYK		*djhæk
曲	qū	kuk1	KYOKU	곡	KOK	khúc	*kiok
阜	fù	fau6	FU	부	PWU		bhiǒu
微	wēi	mei4	BI	미	MI	vi	*miəi
旦	dàn	daan3	TAN	단	TAN	đán	dɑ̀n
孰	shú	suk6	JUKU	숙	SWUK		*zhiuk zhiuk
營	yíng	jing4	EI	영	YENG HYENG		*iuɛng iuɛng
桓	huán	wun4	KAN GAN	환	HWAN		huɑn
公	gōng	gung1	KOU	공	KONG	công	*gung gung
匡	kuāng	hong1	KYOU OU	광	KWANG	khuôn	*kiuɑng
合	hé	gap3 hap6	GOU KATSU GATSU	합	HAP KAP	hợp	*hop
濟	jì	zai2 zai3	SAI SEI	제	CEY		tzèi
弱	ruò	joek6	JAKU NYAKU	약	YAK	nhược	njiɑk
扶	fú	fu4	FU HO	부	PWU	phù	*bhio
傾	qīng	king1	KEI	경	KYENG	khuynh	*kiuɛng kiuɛng
綺	qǐ	ji2	KI	기	KI		*kyɛ̌
迴	huí	wui4	KAI E	회	HOY	hồi	*huəi
漢	hàn	hon3	KAN	한	HAN	hán	*xɑ̀n
惠	huì	wai6	KEI E	혜	HYEY	huệ	*huèi
說	shuō	jyut6 seoi3 syut3	SETSU ZEI ETSU	설 세 열	SEL SEY YEL		
感	gǎn	gam2	KAN	감	KAM	cảm	*gǒm
武	wǔ	mou5	BU MU	무	MWU	vũ	*miǒ
丁	dīng	ding1 zaang1 zang1	TEI CHOU TOU	정	CENG	đinh	*deng deng
俊	jùn	zeon3	SHUN	준	CWUN	tuấn	tzuìn
乂	yì	ngaai6	GAI GE	예	YEY	nghệ	
密	mì	mat6	MITSU	밀	MIL	mật	*myit
勿	wù	mat6	BUTSU BOTSU MOCHI	물	MWUL MOL	vật	*miət
多	duō	do1	TA	다	TA	đa	*dɑ
士	shì	si6	SHI JI	사	SA	sĩ	*jrhiə̌
寔	shí	sat6	SHOKU	식	SIK	thực	
寧	níng	ning4	NEI NYOU	녕 령 영	NYENG		*neng neng
晉	jìn	zeon3	SHIN SEN	진	CIN		
楚	chu	co2	SO	초	CHO	sở	*chriǔ
更	gèng	ang1 gaang1 gang1 gang3	KOU	갱 경	KYENG KAYNG	xâu canh	*gæng gæ̀ng
霸	bà	baa3	HAKU HYAKU HA	패	PHAY PAYK	bá	
趙	zhào	ziu6	CHOU	조	CO		*djiɛ̀u
魏	wèi	ngai6	GI	위	WI		*ngiuə̀i
困	kùn	kwan3	KON	곤	KON	khốn	*kuə̀n
橫	héng	waang4 waang6	OU KOU	횡	HOYNG		*huæng guɑ̀ng
假	jiǎ	gaa2 gaa3	KA KE	가	KA HA		gǎ
途	tú	tou4	TO ZU	도	TO	đồ	*dho
滅	miè	mit6	METSU BETSU	멸	MYEL	diệt	*miɛt
虢	guó	gwik1	HOU BOU				guæk
踐	jiàn	cin5 zin6	SEN	천	CHEN		dzhiɛ̌n
土	tǔ	tou2	DO TO	토	THO TWU	thổ	*tǒ
會	huì	kui2 wui2 wui4 wui5 wui6	KAI E	회	HOY KOY	hội	*huɑ̀i
盟	méng	mang4	MEI MOU	맹	MAYNG		
何	hé	ho4 ho6	KA GA	하	HA		*hɑ hɑ
遵	zūn	zeon1 zyun1	JUN SHUN	준	CWUN	tuân	tzuin
約	yuē	joek3	YAKU	약	YAK YO	ước	qiɑk
法	fǎ	faat3	HOU HATSU HOTSU	법	PEP	pháp	*biæp
韓	hán	hon4	KAN	한	HAN		*hɑn
弊	bì	bai6	HEI HETSU	폐	PHYEY	tệ	bhiɛ̀i
煩	fán	faan4	HAN BON	번	PEN	phiền	*bhiæn
刑	xíng	jing4	KEI GYOU	형	HYENG	hình	heng
起	qǐ	hei2	KI	기	KI	khởi	*kiə̌
翦	jiǎn	zin2	SEN	전	CEN		*tziɛ̌n
頗	pō	po1 po2	HA	파	PHA	phở	*pɑ pɑ̌
牧	mù	muk6	BOKU MOKU	목	MOK		*miuk
用	yòng	jung6	YOU	용	YONG	dụng	*iòng
軍	jūn	gwan1	GUN KUN	군	KWUN	quân	*giuən
最	zuì	zeoi3	SAI	최	CHOY	tối	*tzuɑ̀i
精	jīng	zeng1 zing1	SEI SHOU	정	CENG	tinh	*tziɛng
宣	xuān	syun1	SEN	선	SEN	tuyên	*siuɛn
威	wēi	wai1	I	위	WI	uy	*qiuəi
沙	shā	saa1	SA SHA	사	SA	vành sa	*shra
漠	mò	mok6	BAKU	막	MAK	mạc	*mɑk
馳	chí	ci4	CHI JI	치	CHI		*djhiɛ
譽	yù	jyu6	YO	예	YEY	dự	iù
丹	dān	daan1	TAN	단 란	TAN	đam	*dɑn dɑn
青	qīng	ceng1 cing1	SEI SHOU		CHENG	thanh	*tseng
九	jiǔ	gau2	KYUU KU	구	KWU KYU	cửu	*gioǔ gioǔ
州	zhōu	zau1	SHUU SU	주	CWU	châu	*jiou
禹	yǔ	jyu5	U	우	WU	dừng vũ	*hiǒ
跡	jī	zek3 zik1	SEKI SHAKU	적	CEK	tích	*tziɛk
百	bǎi	baak3	HYAKU HAKU	백	PAYK MAYK	vầu bách	*bæk
郡	jùn	gwan6	GUN KUN	군	KWUN	quận	*ghiuə̀n
秦	qín	ceon4	SHIN JIN	진	CIN		*dzhin
并	bìng	bing1 bing3 bing6	HEI HYOU		PYENG		
嶽	yuè	ngok6	GAKU	악	AK		*ngak
宗	zōng	zung1	SHUU SOU	종	CONG	tông	*tzong
恆	héng	hang4	KOU	항	HANG		*həng
岱	dài	doi6	TAI DAI	대	TAY	đồi	dhə̀i
禪	chán	sim3 sim4 sin4 sin6	ZEN SEN	선	SEN		*zhiɛn zhiɛ̀n
主	zhǔ	zyu2	SHU SU	주	CWU	chúa	*jiǒ jiǒ
云	yún	wan4	UN	운	WUN	vân	*hiuən hiuən
亭	tíng	ting4	TEI CHOU CHIN	정	CENG	đình	*dheng dheng
雁	yàn	ngaan6	GAN	안	AN		*ngàn
門	mén	mun4	MON BON	문	MWUN	môn	*mən
紫	zǐ	zi2	SHI	자	CA	tía	*tziɛ̌
塞	sāi	coi3 sak1	SOKU SAI	새 색	SAY SAYK	tắc	*sək *sə̀i
雞	jī	gai1	KEI	계	KYEY		*gei
田	tián	tin4	DEN TEN	전	CEN	điền	*dhen
赤	chì	cek3 cik3	SEKI SHAKU	적	CEK	xích	*chiɛk
城	chéng	seng4 sing4	JOU	성	SENG	thành	*zhiɛng
昆	kūn	gwan1	KON	곤	KON HON	con	guən
池	chí	ci4	CHI TA	지	CI THA	trì	*cjhiɛ
碣	jié	kit3	KETSU	갈	KAL KYEY		ghiæt ghiɛt
石	shí	daam3 sek6	SHAKU SEKI KOKU	석	SEK	thạch	*zhiɛk
鉅	jù	geoi6	KYO	거	KE		ghiǔ
野	yě	je5	YA SHO	야	YA	dã	*iǎ
洞	dòng	dung6	DOU TOU	동 통	TONG THONG	đọng	*dhùng dhung
庭	tíng	ting4	TEI	정	CENG	đình	*dheng
曠	kuàng	kwong3	KOU	광	KWANG	khoảng	*kuɑ̀ng
遠	yuǎn	jyun5 jyun6	EN ON	원	WEN	viễn	*hiuæ̌n
緜	mián	min4	BEN BETSU MEN	면	MYEN		*miɛn
邈	miǎo	miu5 mok6	BAKU MAKU	막	MAK		mak
巖	yán	ngaam4	GAN GEN	암	AM EM	nham	*ngam
岫	xiù	zau6	SHUU YUU	수	SWU		ziòu
杳	yǎo	jiu2 miu5	YOU	묘	MYO YO		*qěu
冥	míng	ming4 ming5	MEI	명	MYENG	minh	meng mèng
治	zhì	ci4 zi6	JI CHI	치	CHI	trị	djhiə djhiə̀ djhì
本	běn	bun2	HON	본	PON	bản	*bə̌n
於	yú	jyu1 wu1	O YO	어	E O	ư	
農	nóng	nung4	NOU DOU	농	NONG	nông	nong
務	wu	mou6	MU	무	MWU	vụ	miò
茲	zī	ci4 zi1	JI SHI	자	CA		*tziə dzhiə
稼	jia	gaa3	KA	가	KA		
穡	sè	sik1	SHOKU	색	SAYK		
俶	chù	cuk1 suk6 tik1	SHUKU TEKI	숙	SWUK CHEK		chiuk
載	zài	zoi2 zoi3	SAI	재	CAY	tải	*tzə̀i *tzə̌i dzhə̀i tzə̀i
南	nán	naam4	NAN DAN	남	NAM	nam	*nom
畝	mǔ	mau5	HO BOU	무	MWU		mǒu
我	wǒ	ngo5	GA	아	A	ngã	*ngɑ̌
藝	yì	ngai6	GEI	예	YEY	nghệ	ngiɛ̀i
黍	shǔ	syu2	SHO	서	SE		shiǔ
稷	jì	zik1	SHOKU	직	CIK		tziək
稅	shuì	seoi3	ZEI DATSU ETSU	세	SEY THAL		
熟	shú	suk6	JUKU	숙	SWUK	thục	*zhiuk
貢	gòng	gung3	KOU KU	공	KONG	cống	*gùng
新	xīn	san1	SHIN	신	SIN	tân	*sin
勸	quàn	hyun3	KAN KEN	권	KWEN	khuyến	*kiuæ̀n
賞	shǎng	soeng2	SHOU	상	SANG	thưởng	*shiɑ̌ng
黜	chù	ceot1 zeot1 zyut6	CHUTSU	출	CHWUL		tjuit
陟	zhì	zik1	CHOKU TOKU	척	CHEK		
孟	mèng	maang6	MOU MYOU MAN	맹	MAYNG MANG	mạnh	*mæ̀ng
軻	kē	o1	KA	가	KA		kɑ kɑ̌
敦	dūn	deoi1 deoi6 deon1	TON DAN CHOU	돈	TON THOY	đôn	duəi
素	sù	sou3	SO SU	소	SO	tố	*sò
史	shǐ	si2	SHI	사	SA	sử	*shriə̌
魚	yú	jyu4	GYO	어	E	ngư	*ngiu
秉	bǐng	bing2	HEI	병	PYENG	bảnh	biæ̌ng
直	zhí	zik6	CHOKU JIKI	직	CIK		*djhiək *djhiə̀
庶	shù	syu3	SHO	서	SE	thứ	shiù
幾	jǐ	gei1 gei2	KI	기	KI		*giə̌i giəi
中	zhōng	zung1 zung3	CHUU	중	CWUNG	trung	*djiùng djiung
庸	yōng	jung4	YOU	용	YONG		iong
勞	láo	lou4 lou6	ROU	노 로	LO	lao	*lɑu lɑ̀u
謙	qiān	him1	KEN	겸	KYEM	khiêm	kem
謹	jǐn	gan2	KIN	근	KUN	cẩn	
敕	chì	cik1	CHOKU	칙	CHIK	sắc	tjiək
聆	líng	ling4	REI RYOU	령 영	LYENG		leng
音	yīn	jam1	ON IN	음	UM	âm	*qyim
察	chá	caat3	SATSU SECHI	찰	CHAL	sát	
理	lǐ	lei5	RI	리 이	LI	lí	*liə̌
鑑	jiàn	gaam3	KAN	감	KAM		
貌	mào	maau6	BOU BAKU	모	MO MAK		mak màu
辨	biàn	bin6	BEN HEN	변	PYEN	biện	
色	sè	sik1	SHOKU SHIKI	색	SAYK	sắc	*shriək
貽	yí	ji4	I	이	I		iə
厥	jué	kyut3	KETSU KUTSU	궐	KWEL KWUL		giuæt
嘉	jiā	gaa1	KA	가	KA		ga
猷	yóu	jau4	YUU	유	YU		iou
勉	miǎn	min5	BEN	면	MYEN	miễn	myɛ̌n
其	qí	gei1 kei4	KI GI	기	KI	kì	*ghiə ghiə
祗	zhī	zi1	SHI	지	CI		*jiɛ̌
植	zhí	zik6	SHOKU CHI	식	SIK CHI	thực	djhiə̀
省	shěng	saang2 sing2	SEI SHOU	생 성	SENG SAYNG	tỉnh	*shræ̌ng siɛ̌ng
躬	gōng	gung1	KYUU	궁	KWUNG	cung	giung
譏	jī	gei1	KI	기	KI		giəi
誡	jiè	gaai3	KAI	계	KYEY		
寵	chǒng	cung2	CHOU	총	CHONG	sủng	*tjiǒng
增	zēng	zang1	ZOU SOU	증	CUNG	tăng	*tzəng
抗	kàng	kong3	KOU	항	HANG	kháng	kɑ̀ng
極	jí	gik6	GOKU KYOKU GOKI	극	KUK	cực	*ghiək
殆	dài	doi6 toi5	TAI	태	THAY		
辱	rǔ	juk6	JOKU NIKU	욕	YOK	nhọc	njiok
近	jìn	gan6 kan5	KIN KON	근	KUN	cận	*ghiə̌n
恥	chǐ	ci2	CHI	치	CHI		*tjiə̌
林	lín	lam4	RIN	림 임	LIM	lâm	*lim
皋	gāo	gou1	KOU	고	KO	đậu cau	gɑu
幸	xìng	hang6	KOU	행	HAYNG		hɛ̌ng
即	jí	zik1	SOKU SHOKU	즉	CUK	tức	
兩	liǎng	loeng5	RYOU	량 양	LYANG	lưỡng	liɑ̀ng liɑ̌ng
疏	shū	so1 so3	SO SHO	소	SO	sớ	*shriu shriù
見	jiàn	gin3 jin6	KEN	견 현	KYEN HYEN	kiến	*gèn
機	jī	gei1	KI	기	KI	cơ	*giəi
解	jiě	gaai2 gaai3 haai6	KAI GE	해	HAY KAY	giải	*gɛ̌i
組	zǔ	zou2	SO SHO	조	CO	tổ	tzǒ
誰	shuí	seoi4	SUI	수	SWU		*zhui
逼	bī	bik1	HITSU HYOKU	핍	PHIP	bức	biək
索	suǒ	saak3 sok3 suk3	SAKU	삭 색	SAYK SAK	sách	shræk shrɛk sɑk
居	jū	geoi1	KYO KI	거	KE KI	cư	giu
閒	xián	gaan1 gaan3 haan4		한	HAN KAN		*gɛn *hɛn
處	chù	cyu2 cyu3 syu3	SHO	처	CHE	xử	*chiù *chiǔ
沈	chén	cam4 sam2	CHIN JIN SHIN	심 침	CHIM SIM	đắm	*djhim shǐm
默	mò	mak6	MOKU	묵	MWUK	mặc	*mək
寂	jì	zik6	JAKU SEKI	적	CEK	tịch	*dzhek
寥	liáo	liu4	RYOU	요	LYO		*leu
求	qiú	kau4	KYUU	구	KWU	cầu	*ghiou
古	gǔ	gu2	KO	고	KO	cổ	*gǒ
尋	xún	cam4	JIN	심	SIM	tầm	*zim
論	lùn	leon4 leon6	RON RIN	논 론	LON YUN	luận	*luən luin luə̀n
散	sàn	saan2 saan3	SAN	산	SAN	tản	*sɑ̀n
慮	lǜ	leoi6	RYO ROKU	려	LYE	lự	liù
逍	xiāo	siu1	SHOU	소	SO		siɛu
遙	yáo	jiu4	YOU	요	YO	diêu	*iɛu
欣	xīn	jan1	GON KIN KON	흔	HUN	hân	xiən
奏	zòu	zau3	SOU	주	CWU	tấu	tzòu
累	lèi	leoi4 leoi5 leoi6	RUI	누 루	LWU	luỵ	liuɛ̀ liuɛ̌
遣	qiǎn	hin2	KEN	견	KYEN	khiến	*kiɛ̌n
慼	qī	cik1	SEKI SHAKU SHUKU		CHEK	thích	
謝	xiè	ze6	SHA JA	사	SA	tạ	*zià
歡	huan	fun1	KAN	환	HWAN	hoan	*xuɑn
招	zhāo	ziu1	SHOU KYOU	초	CHO KYO	chiêu	*jiɛu
渠	qú	keoi4	KYO	거	KE	cừ	ghio
荷	hé	ho4 ho6	KA	하	HA		hɑ hɑ̌
的	de	di1 dik1	TEKI	적	CEK	đích	dek
歷	lì	lik6		력 역	LYEK	lịch	*lek
園	yuán	jyun4	EN ON	원	WEN	viên	*hiuəi
莽	mǎng	mong5	BOU MOU	망	MANG		*mɑ̌ng
抽	chōu	cau1	CHUU	추	CHWU	trừu	*tjiou
條	tiáo	tiu4 tiu5	JOU CHOU DEKI	조	CO	điều	*dheu
枇	pí	pei4	HI BI	비	PI		
杷	pá	paa4	HA	파	PHA		bha
晚	wǎn	maan5	BAN		MAN	vãn	*miæ̌n
翠	cuì	ceoi3	SUI	취	CHWI	thuý	*tsuì
梧	wú	ng4	GO	오	O		*ngo
桐	tóng	tung4	DOU TOU	동	TONG		*dhung
早	zǎo	zou2	SOU SATSU	조	CO	tảo	*tzɑ̌u
凋	diāo	diu1	CHOU	조	CO		*deu deu
陳	chén	can4 zan6	CHIN JIN	진	CIN	trần	*djhin
根	gēn	gan1	KON	근	KUN	căn	*gən
委	wěi	wai1 wai2	I	위	WI	uỷ	*gyuɛ gyuɛ̌
翳	yì	ai3 ji1	EI	예	YEY		qèi
落	luò	laai6 lok6	RAKU	낙 락	LAK	lạc	*lɑk
葉	yè	jip6 sip3	YOU SHOU	섭 엽	YEP SEP	diệp	*iɛp
飄	piāo	piu1	HYOU	표	PHYO	phiêu	*piɛu
颻	yáo	jiu4	YOU				iɛu
遊	yóu	jau4	YUU YU	유	YU	du	*iou
鵾	kūn		KON UN	곤	KON		
獨	dú	duk6	DOKU TOKU	독	TOK	độc	*dhuk
運	yùn	wan6	UN	운	WUN	vận	*hiuə̀n
凌	líng	ling4	RYOU	능 릉	LUNG	lăng	*liəng
摩	mó	mo1	MA	마	MA		*mɑ
絳	jiàng	gong3	KOU	강	KANG		gàng
霄	xiāo	siu1	SHOU	소	SO		*siɛu
耽	dān	daam1	TAN	탐	THAM	xẩm	dom
讀	dú	dau6 duk6	TOKU TOU DOKU	독 두	TOK TWU	độc	*dhuk
翫	wán	wun6	GAN	완	WAN		nguɑ̀n
市	shì	si5	SHI	시	SI	thị	*zhiə̌
寓	yù	jyu6	GUU GYO	우	WU	ngụ	ngiǒ
目	mù	muk6	MOKU BOKU	목	MOK	mục	*miuk
囊	náng	nong4	NOU	낭	NANG		*nɑng
箱	xiāng	soeng1	SHOU SOU	상	SANG	rương	siɑng
易	yì	ji6 jik6	EKI I	역 이	YEK I	dịch	*iɛ̀ iɛk
輶	yóu	jau4	YUU YU				
攸	yōu	jau4	YUU	유	YU		iou
畏	wèi	wai3	I	외	OY	uý	*qiuə̀i
屬	shǔ	suk6 zuk1	ZOKU SHOKU SHU	속	SOK CHOK	thuộc	*jiok zhiok
耳	ěr	ji5	JI JOU	이	I	nhĩ	*njiə̌
垣	yuán	wun4	EN	원	WEN		hiuæn
墻	qiáng	coeng4	SHOU	장	CANG	tường	
具	jù	geoi6	GU KU	구	KWU	cụ	*ghiò ghiò
膳	shàn	sin6	SEN ZEN	선	SEN		zhiɛ̀n
飡	cān	caan1	SAN SON	손	SON		*tsɑn
飯	fàn	faan6	HAN BON	반	PAN		bhiæ̀n bhiæ̌n
適	shì	dik1 sik1	TEKI SEKI	적	CEK CHEK	thích	*shiɛk
口	kǒu	hau2	KOU KU	구	KWU	khẩu	*kǒu
充	chōng	cung1	JUU SHUU	충	CHWUNG	sung	chiung
腸	cháng	coeng4	CHOU	장	CANG		*djhiɑng
飽	bǎo	baau2	HOU	포	PHO		bǎu
飫	yù	jyu3	YO O	어	E		qiù
烹	pēng	paang1	HOU	팽	PHAYNG	phanh	pæng
宰	zǎi	zoi2	SAI	재	CAY	tể	*tzə̌i tzə̌i
飢	jī	gei1	KI	기	KI	cơ	*gyi giəi
厭	yàn	jim1 jim3	EN OU YOU	염	YEM YEP	ướm	*qiɛ̀m
糟	zāo	zou1	SOU	조	CO		tzɑu
糠	kāng	hong1	KOU	강	KANG		
親	qīn	can1 can3	SHIN	친	CHIN	thân	*tsin
戚	qi	cik1	SEKI SOKU	척	CHEK	thích	tsek
故	gù	gu3	KO	고	KO	cố	*gò
舊	jiù	gau6	KYUU	구	KWU		*ghiòu
老	lǎo	lou5	ROU	노 로	LO	lão	*lɑ̌u
少	shǎo	siu2 siu3	SHOU	소	SO	thiểu	*shiɛ̀u *shiɛ̌u
異	yì	ji6	I	리 이	I		*iə̀
糧	liáng	loeng4	RYOU ROU	량 양	LYANG	lương	liɑng
妾	qiè	cip3	SHOU	첩	CHEP	thiếp	*tsziɛp
御	yù	jyu6 ngaa6	GYO GO	어	E A	ngự	*ngiù
績	jī	zek3 zik1	SEKI	적	CEK	tích	
紡	fǎng	fong2	BOU HOU	방	PANG	vưởng	
侍	shì	si6	JI	시	SI		*zhiə̀ zhiə̌
巾	jīn	gan1	KIN	건	KEN	cân	*gin
帷	wéi	wai4	I	유	YU		hyui
房	fáng	fong2 fong4	BOU HOU	방	PANG	phòng	*bhiɑng
紈	wán	jyun4	KAN GAN	환	HWAN		huɑn
扇	shàn	sin3	SEN	선	SEN	phiến	*shiɛ̀n
圓	yuán	jyun4	EN	원	WEN	viên	*hyuɛn
潔	jié	git3	KETSU	결	KYEL	khiết	get
銀	yín	ngan2 ngan4	GIN GON	은	UN	ngân	*ngyin
燭	zhú	zuk1	SHOKU SOKU	촉	CHOK	đuốc	*jiok
煒	wěi	wai5	I KI	위	WI		
煌	huáng	wong4	KOU	황	HWANG		huɑng
晝	zhòu	zau3	CHUU	주	CWU		*djiòu
眠	mián	min4	MIN BEN	면	MYEN	miên	*men
夕	xī	zik6	SEKI	석	SEK SA	tịch	*ziɛk
寐	mèi	mei6	BI	매	MAY	mị	mì
藍	lán	laam4	RAN	남 람	LAM	lam	lɑm
笋	sǔn	seon2	JUN SHUN		SWUN		
象	xiàng	zoeng6	SHOU ZOU	상	SANG	tượng	*ziɑ̌ng
床	chuáng	cong4	SHOU	상	SANG	sàng	*jrhiɑng
絃	xián	jin4	GEN	현	HYEN		*hen
歌	gē	go1	KA	가	KA	ca	*gɑ
酒	jiǔ	zau2	SHU	주	CWU		*tziǒu
讌	yàn	jin3	EN	연	YEN		
接	jiē	zip3	SETSU	접	CEP	tiếp	*tziɛp
盃	bēi	bui1	HAI	배	PAY	bôi	*bəi
舉	jǔ	geoi2	KYO			cử	*giǔ
觴	shāng	soeng1	SHOU	상	SANG		*shiɑng
矯	jiǎo	giu2 kiu2	KYOU	교	KYO	kiểu	gyɛ̌u
手	shǒu	sau2	SHU	수	SWU	thủ	*shiǒu
頓	dùn	deon6 duk6	TON TOTSU	돈	TON TWUN	đốn	duə̀n
足	zú	zeoi3 zuk1	SOKU SHOKU SUU	족	COK CWU	túc	*tziok
悅	yuè	jyut6	ETSU	열	YEL	dột	
豫	yù	jyu6	YO SHA SHO	예	YEY		iù
且	qiě	ce2 zeoi1 zoeng1	SHA SHO	차	CHA CE	thả	*tsiǎ tsiǎ
康	kāng	hong1	KOU	강	KANG	khang	kɑng
嫡	dí	dik1	CHAKU TEKI	적	CEK	đích	
後	hòu	hau6	GO KOU	후	HWU	hậu	*hǒu hòu
嗣	sì	zi6	SHI	사	SA	tự	ziə̀
續	xù	zuk6	ZOKU SHOKU	속	SOK	tục	ziok
祭	jì	zai3	SAI	제	CEY CHAY	tế	*tziɛ̀i
祀	sì	zi6	SHI JI	사	SA		ziə̌
烝	zhēng	zing1	JOU SHOU	증	CUNG	chưng	jiəng
嘗	cháng	soeng4	SHOU JOU	상	SANG		*zhiɑng
稽	jī	kai1 kai2	KEI	계	KYEY	ghê	gei kěi
顙	sǎng	song2	SOU	상	SANG		sɑ̌ng
再	zài	zoi3	SAI SA	재	CAY	tái	*tzə̀i tzə̀i
拜	bài	baai1 baai3	HAI	배	PAY	bái	*bæ̀i
悚	sǒng	sung2	SHOU	송	SONG		
懼	jù	geoi6	KU GU	구	KWU		ghiò
恐	kǒng	hung2	KYOU	공	KONG	khủng	*kiǒng
惶	huáng	wong4	KOU	황	HWANG	hoàng	
牋	jiān	zin1	SEN	전	CEN	tiên	tzen
牒	dié	dip6	CHOU JOU	첩	CHEP	điệp	
簡	jiǎn	gaan2	KAN	간	KAN	giản	gɛ̌n
要	yào	jiu1 jiu3	YOU	요	YO	yếu	*qiɛ̀u
顧	gù	gu3	KO	고	KO	cố	*gò
答	dá	daap3	TOU	답	TAP	đáp	*dop
審	shěn	sam2	SHIN	심	SIM	thẩm	
詳	xiáng	coeng4	SHOU YOU	상	SANG YANG	tường	
骸	hái	haai4 hoi4	KAI GAI	해	HAY	hài	
垢	gòu	gau3	KOU KU KIKU	구	KWU	cáu	gǒu
想	xiǎng	soeng2	SOU SO	상	SANG	tưởng	*siɑ̌ng
浴	yù	juk6	YOKU	욕	YOK		iok
執	zhí	zap1	SHITSU SHUU	집	CIP	chấp	jip
熱	rè	jit6	NETSU ZETSU NECHI	열	YEL	nhiệt	*njiɛt
願	yuàn	jyun6	GAN GEN	원	WEN	nguyện	*ngiuæ̀n
涼	liáng	loeng4	RYOU	량	LYANG	lương	*liɑng
驢	lǘ	leoi4 lou4	RYO RO	려	LYE	lừa	liu
騾	luó	lo4	RA	라	LA		
犢	dú	duk6	TOKU	독	TOK		
特	tè	dak6	TOKU DOKU	특	THUK	đặc	dhək
駭	hài	haai5 hoi4 hoi5	KAI GAI	해	HAY	hãi	hæ̀i
躍	yuè	joek3 joek6 tik1	YAKU TEKI	약	YAK CEK	dược	iɑk
超	chāo	ciu1	CHOU	초	CHO	siêu	tjiɛu
驤	xiāng	soeng1	JOU SHOU	양	YANG		siɑng
誅	zhū	zyu1	CHUU CHU	주	CWU	tru	djio
斬	zhǎn	zaam2	ZAN SAN	참	CHAM	trảm	*jræ̌m
賊	zéi	caak6	ZOKU	적	CEK	tặc	*dzhək
盜	dào	dou6	TOU	도	TO	dừa	*dhɑ̀u
捕	bǔ	bou6	HO	포	PHO	bõ	bhò
獲	huò	waai4 wok6	KAKU	획	HOYK HWAK	hoạch	huɛk
叛	pàn	bun6	HAN BAN	반	PAN	bạn	
亡	wáng	mong4 mou4	BOU MOU	망	MANG MWU	vong	*miɑng miɑng
布	bù	bou3	FU	포	PHO	bố	*bò
射	shè	je6 jik6 se6	SHA SEKI	사	SA SEK	xạ	*jhià ià jhiɛk
遼	liáo	liu4	RYOU	료 요	LYO		*leu
丸	wán	jyun2 jyun4	GAN	환	HWAN	hoàn	huɑn
嵇	jī	kai1	KEI GEI				hei
琴	qín	kam4	KIN	금	KUM	cầm	*ghyim
阮	ruǎn	jyun2 jyun5	GEN	완 원	WAN WEN	nguyễn	ngiuæ̌n
嘯	xiào	siu3	SHOU SHITSU	소	SO		*sèu
恬	tián	tim4 tim5	TEN	념	NYEM	điềm	
筆	bǐ	bat1	HITSU	필	PHIL	bút	*byit
倫	lún	leon4	RIN	륜 윤	LYUN	luân	luin
紙	zhǐ	zi2	SHI	지	CI	chỉ	jiɛ̌
鈞	jūn	gwan1 kwan1	KIN	균	KYUN		guin
巧	qiǎo	haau2 kiu2	KOU	교	KYO	xảo	kǎu
任	rèn	jam4 jam6	NIN	임	IM	nhậm	*njim njim
釣	diào	diu3	CHOU	조	CO		*dèu
釋	shì	sik1	SHAKU SEKI EKI	석	SEK	thích	shiɛk
紛	fēn	fan1	FUN	분	PWUN	phân	*piən
利	lì	lei6	RI	리 이	LI	lợi	*lì
俗	sú	zuk6	ZOKU	속	SOK	tục	*ziok ziok
並	bìng	bing3 bing6 bong6	HEI	병	PYENG		bhěng
皆	jiē	gaai1	KAI	개	KAY	giai	*gæi
佳	jiā	gaai1	KA	가	KA KAY	giai	*gɛi gɛi
妙	miào	miu6	MYOU BYOU	묘	MYO	diệu	*miɛ̀u
毛	máo	mou4	MOU BOU	모	MO	mao	*mɑu
施	shī	ji6 si1	SHI I SE	시	SI I	thi	*shiɛ shiɛ shiɛ̀
淑	shū	suk1 suk6	SHUKU	숙	SWUK		zhiuk
姿	zī	zi1	SHI	자	CA	tư	*tzi
工	gōng	gung1	KOU KU	공	KONG	công	gung
顰	pín	pan4	HIN BIN	빈	PIN		bhin
妍	yán	jin4	KEN GEN		YEN	ngơn	ngen
笑	xiào	siu3	SHOU	소	SO		*siɛ̀u
年	nián	nin4	NEN	년 연	NYEN	nên	*nen
矢	shǐ	ci2	SHI	시	SI	ngao thỉ	shǐ
每	měi	mui5	MAI BAI	매	MAY	dằm mỗi	*mə̌i
催	cuī	ceoi1	SAI	최	CHOY	thòi	*tsuəi tsuəi
曦	xī	hei1	GI KI	희	HUY		xyɛ
暉	huī	fai1	KI	휘	HWI		*xiuəi
朗	lǎng	long5	ROU	낭 랑	LANG	lãng	lɑ̌ng
耀	yào	jiu6	YOU	요	YO		iɛ̀u
璇	xuán	syun4	SEN ZEN	선	SEN		
璣	jī	gei1	KI KE GE GI	기	KI		giəi
懸	xuán	jyun4	KEN KE	현	HYEN		*huen
斡	wò	gun2 waat3 wat3	ATSU KAN	알	AL KAN		
晦	huì	fui3	KAI	회	HOY	hổi	xuə̀i
魄	pò	bok3 paak3 tok3	HAKU BAKU	백	PAYK	phách	*pæk
環	huán	waan4	KAN	환	HWAN		*huan
照	zhào	ziu3	SHOU	조	CO	chiếu	*jiɛ̀u
指	zhǐ	zi2	SHI	지	CI	chỉ	*jǐ
薪	xīn	san1	SHIN	신	SIN		sin
修	xiū	sau1	SHUU SHU	수	SWU	tu	*siou siou
祜	hù	wu2	KO GO	호	HO		
永	yǒng	wing5	EI YOU	영	YENG	vắng	*hiuæ̌ng
綏	suī	seoi1	SUI TA	수	YU SWU	nối	
吉	jí	gat1	KICHI KITSU	길	KIL	cát	git
劭	shào	siu6	SHOU	초	CHO		
矩	ju	geoi2	KU	구	KWU	củ	giǔ
步	bù	bou6	HO BU FU	보	PO	bộ	*bhò
引	yǐn	jan5	IN	인	IN	dẫn	*ǐn
領	lǐng	leng5 ling5	RYOU REI	령 영	LYENG	lãnh	liɛ̌ng
俯	fǔ	fu2	FU	부	PWU		*biǒ
仰	yǎng	joeng5 ngong5	GYOU KOU	앙	ANG	ngưỡng	*ngiɑ̌ng ngiɑ̌ng
廊	láng	long4	ROU	낭 랑	LANG	lang	
廟	miào	miu6	BYOU	묘	MYO	miếu	*myɛ̀u
束	shù	cuk1	SOKU	속	SOK	thút	*shiok
帶	dài	daai2 daai3	TAI	대	TAY	đai	*dɑ̀i
矜	jīn	ging1 gwaan1 gwan1	KIN KEI KAN	긍	KUNG KUN	căng	giəng
莊	zhuāng	zong1	SOU	장	CANG	trang	jriɑng
徘	pái	pui4	HAI	배	PAY	bồi	*bhəi
徊	huái	wui4	KAI E	회	HOY	hồi	*huəi
瞻	zhān	zim1	SEN	첨	CHEM	chiêm	jiɛm
眺	tiào	tiu3	CHOU	조	CO		tèu
孤	gū	gu1	KO	고	KO	cô	*go
陋	lòu	lau6	ROU	누 루	LWU	lậu	lòu
寡	guǎ	gwaa2	KA	과	KWA	quả	guǎ
聞	wén	man4 man6	BUN MON	문	MWUN		*miən
愚	yú	jyu4	GU	우	WU	ngu	*ngio
蒙	méng	mung4	BOU MOU	몽	MONG	mông	*mung
等	děng	dang2	TOU	등	TUNG	đẳng	*də̌ng
誚	qiào	ciu3	SHOU	초	CHO		dzhiɛ̀u
謂	wèi	wai6	I	위	WI		*hiuə̀i
語	yǔ	jyu5 jyu6	GO GYO	어	E	ngữ	*ngiǔ ngiù
助	zhù	zo6	JO SHO	조	CO	trợ	jrhiù
者	zhě	ze2	SHA	자	CA		*jiǎ
焉	yān	jin1 jin4	EN I	언	EN	vờn	*qyɛn hyɛn
哉	zāi	zoi1	SAI	재	CAY	tai	
乎	hu	fu1 fu4 wu4	KO	호	HO	hồ	ho
也	yě	jaa5	YA	야	YA	dã	iǎ
